{
	"name": "Container Service Network",
	"x-networkId": "not-important",
	"x-type": "hlfv1",
	"description": "Connection Profile for an IBM Blockchain Network on the container service",
	"version": "1.0.0",
	"client": {
		"organization": "Org1MSP"
	},
	"channels": {
		"channel1": {
			"orderers": [
				"fabric-orderer"
			],
			"peers": {},
			"chaincodes": [
				"LifeInsurance:v1"
			],
			"x-blockDelay": 10000
		}
	},
	"organizations": {
		"Org1MSP": {
			"mspid": "Org1MSP",
			"peers": [
				"blockchain-org1peer1"
			],
			"certificateAuthorities": [
				"blockchain-ca"
			],
			"adminPrivateKey": {
				"path": "org1_admin_key.pem"
			},
			"signedCert": {
				"path": "org1_admin_cert.pem"
			}
		}
	},
	"orderers": {
		"fabric-orderer": {
			"url": "grpc://blockchain-orderer:31010"
		}
	},
	"peers": {
		"blockchain-org1peer1": {
			"url": "grpc://blockchain-org1peer1:30110",
			"eventUrl": "grpc://blockchain-org1peer1:30111"
		}
	},
	"certificateAuthorities": {
		"blockchain-ca": {
			"url": "http://blockchain-ca:30054",
			"httpOptions": {
				"verify": true
			},
			"registrar": [
				{
					"enrollId": "admin",
					"enrollSecret": "adminpw"
				}
			],
			"caName": "CA1"
		}
	}
}
